id,name,location,contact
1,rifat,rajshahi,1711111111
2,imad,bbaria,1711111112
3,showvick,chuadanga,1711111113
4,tuli,narshingdi,1711111114
5,falguni,noapara,1711111115
6,nirob,nouga,1711111116
7,ayan,dhaka,1711111117
8,aroni,rajshahi,1711111118
9,sumaia,rajshahi,1711111119
10,mredul,khulna,1711111120
11,mridu,barisal,1711111121
12,abir,chittagong,1711111122
13,mueez,dhaka,1711111123
14,sohan,bogra,1711111124
15,amlan,dhaka,1711111125
16,shishir,rajshahi,1711111126
17,sraboni,dhaka,1711111127
18,situ,bogra,1711111128
19,raisa,chittagong,1711111129
20,anik,kustia,1711111130
